item_id|nama_asli|nama_tempat|latitude|longitude|rating|total_ulasan|price|keyword_ulasan|layanan|url
TOBAREST00001|Damar Toba ~ Lakeside Eatery & Stay|Damar Toba ~ Lakeside Eatery & Stay|2.3404508|99.0480115|4,8|230|Tidak ada informasi harga|Tidak ada keyword|Tidak ada layanan|https://www.google.com/maps/search/Damar+Toba+~+Lakeside+Eatery+&+Stay
TOBAREST00002|Tepi Danau Bistro|Tepi Danau Bistro|2.3343426|99.0561066|4,2|893|Tidak ada informasi harga|cafe, music, pesan, luas, pemandangan, parkir, nasi goreng, duduk, hotplate, ayam bakar|Tidak ada layanan|https://www.google.com/maps/search/Tepi+Danau+Bistro
TOBAREST00003|Caldera Resto and Coffee|Caldera Resto and Coffee|2.3310672|99.0570638|4,4|034|Tidak ada informasi harga|pemandangan, sawah, cafe, musik, pesan, nasi padang, parkir, masakan padang, danau, santai|Tidak ada layanan|https://www.google.com/maps/search/Caldera+Resto+and+Coffee
TOBAREST00004|Lagos Cafe|Lagos Cafe|2.3456533|99.0784817|4,2|360|Tidak ada informasi harga|harga, hotel, pantai, pemandangan, pesan, pelayanan, standar, kelaparan, 0, nasi goreng|Tidak ada layanan|https://www.google.com/maps/search/Lagos+Cafe
TOBAREST00005|D'Cozy Cafe & Resto, Ajibata, Parapat|D'Cozy Cafe & Resto, Ajibata, Parapat|2.6586165|98.9348414|4,9|120|Rp 25.000–50.000 per orang|Senin, Semua, pelayanan, pelabuhan, makanan, minuman, tangga|Makan di tempat, Bawa pulang|https://www.google.com/maps/search/D'Cozy+Cafe+&+Resto,+Ajibata,+Parapat
TOBAREST00006|Wita Cafe|Wita Cafe|2.3469318|99.0444172|4,0|281|Tidak ada informasi harga|harga, pelayanan, danau, karaoke, ikan bakar, pesan, nasi, air, santai, pemandangan|Tidak ada layanan|https://www.google.com/maps/search/Wita+Cafe
TOBAREST00007|Willem's Resto Cafe & Bar|Willem's Resto Cafe & Bar|2.6739055|98.8375076|4,8|507|Tidak ada informasi harga|sawah, luas, nama, parkir, pemandangan, senyum, musiknya, mba, kangkung, gunung|Tidak ada layanan|https://www.google.com/maps/search/Willem's+Resto+Cafe+&+Bar
TOBAREST00008|Sinar Minang Restaurant & Convention Hall|Sinar Minang Restaurant & Convention Hall|2.3360012|99.0733666|4,4|636|Tidak ada informasi harga|harga, luas, halal, parkir, ruangan, strategis, telur dadar, pertemuan, rendang, pinggir jalan|Tidak ada layanan|https://www.google.com/maps/search/Sinar+Minang+Restaurant+&+Convention+Hall
TOBAREST00009|THE MARIO'S Eatery & Cafe|THE MARIO'S Eatery & Cafe|2.5902803|99.036274|4,2|700|Tidak ada informasi harga|music, luas, jembatan, santai, pesan, sore, estetik, nasi goreng, kolam, pemandangan|Tidak ada layanan|https://www.google.com/maps/search/THE+MARIO'S+Eatery+&+Cafe
TOBAREST00010|Renjana Cafe|Renjana Cafe|2.3347285|99.055828|4,2|115|Tidak ada informasi harga|pesan, danau, harga, pemandangan, musik, seafood, udang, kapal, sop ayam, biji|Tidak ada layanan|https://www.google.com/maps/search/Renjana+Cafe
TOBAREST00011|Biwa Cafe & Resto|Biwa Cafe & Resto|2.6954487|98.922933|4,3|537|Tidak ada informasi harga|parkir, luas, pemandangan, pesan, pelayanan, toilet, pizza, danau, nasi goreng, arah|Tidak ada layanan|https://www.google.com/maps/search/Biwa+Cafe+&+Resto
TOBAREST00012|Restoran Tabo Toko Roti dan Sangrai Kopi|Restoran Tabo Toko Roti dan Sangrai Kopi|2.6706936|98.8555629|4,4|39|Tidak ada informasi harga|harga, hotel, cake, muffin, fish and chips, cottage, konsep, sunset, cafe, vegetarian|Tidak ada layanan|https://www.google.com/maps/search/Restoran+Tabo+Toko+Roti+dan+Sangrai+Kopi
TOBAREST00013|Cafe Hollywood|Cafe Hollywood|2.3270882|99.0499341|4,4|123|Tidak ada informasi harga|musiknya, pelayanan, nasi goreng, sistem, hotel, wort, luas, sambal, harganya|Tidak ada layanan|https://www.google.com/maps/search/Cafe+Hollywood
TOBAREST00014|Vivi Cafe|Vivi Cafe|2.3385734|99.0521785|4,2|104|Tidak ada informasi harga|danau, sambal|Tidak ada layanan|https://www.google.com/maps/search/Vivi+Cafe
TOBAREST00015|Horas Vegetarian Restaurant|Horas Vegetarian Restaurant|2.6687581|98.8583812|4,8|171|Tidak ada informasi harga|danau, kari, rendang, daging palsu, roti chapati, kue keju lemon, bajaj, sandwich gulung, pasta, board game|Tidak ada layanan|https://www.google.com/maps/search/Horas+Vegetarian+Restaurant
TOBAREST00016|Joyce Cafe|Joyce Cafe|2.345497|99.0459873|4,4|24|Tidak ada informasi harga|Tidak ada keyword|Tidak ada layanan|https://www.google.com/maps/search/Joyce+Cafe
TOBAREST00017|Maruba Restaurant|Maruba Restaurant|2.6749925|98.857881|4,6|173|Tidak ada informasi harga|ikan, batak, danau, harga, sambal, dinner, arsik, panggang, rempah, bajaj|Tidak ada layanan|https://www.google.com/maps/search/Maruba+Restaurant
TOBAREST00018|RM. Fly Over Laguboti|RM. Fly Over Laguboti|2.3579996|99.1303161|4,4|288|Tidak ada informasi harga|batak, sawah, halal, dengke mas naniura, pemandangan, kolam, arsik, babi panggang, saksang, dali ni horbo|Tidak ada layanan|https://www.google.com/maps/search/RM.+Fly+Over+Laguboti
TOBAREST00019|Cantik Daijo Cafe|Cantik Daijo Cafe|2.35191|99.1176317|4,3|260|Tidak ada informasi harga|harga, pelayanan, anak, merokok, ruangan, pizza, halal, pinggir jalan, lada hitam, nasi|Tidak ada layanan|https://www.google.com/maps/search/Cantik+Daijo+Cafe
TOBAREST00020|Tabobah Cafe|Tabobah Cafe|2.4402861|99.1574241|4,6|55|Tidak ada informasi harga|pelayanan, donat, harga|Tidak ada layanan|https://www.google.com/maps/search/Tabobah+Cafe
TOBAREST00021|Toba bypass cafe & resto|Toba bypass cafe & resto|2.3419364|99.0994284|5,0|2|Tidak ada informasi harga|Tidak ada keyword|Tidak ada layanan|https://www.google.com/maps/search/Toba+bypass+cafe+&+resto
TOBAREST00022|LEO'S Restaurant|LEO'S Restaurant|2.6766427|98.8531013|4,7|631|Tidak ada informasi harga|lobster, sambal, halal, ikan bakar, batak, bajaj, andaliman, karaoke, cita rasa|Tidak ada layanan|https://www.google.com/maps/search/LEO'S+Restaurant
TOBAREST00023|Joe's Restaurant|Joe's Restaurant|2.6772688|98.8440409|4,8|101|Tidak ada informasi harga|barbecue, batak, taco, babi, dinner, rumahan, harga, masakan, guacamole, rental|Tidak ada layanan|https://www.google.com/maps/search/Joe's+Restaurant
TOBAREST00024|Toba Naria Cafe|Toba Naria Cafe|2.3500425|99.0410765|4,6|15|Tidak ada informasi harga|pantai, kopi|Tidak ada layanan|https://www.google.com/maps/search/Toba+Naria+Cafe
TOBAREST00025|Wanny Cavari Cafe (Binanga|Wanny Cavari Cafe (Binanga|2.5916241|99.0351537|4,1|222|Tidak ada informasi harga|sungai, kaki, harga, pelayanan, pesan, parkir, aliran, wisata, sensasi, nasi goreng|Tidak ada layanan|https://www.google.com/maps/search/Wanny+Cavari+Cafe+(Binanga)
TOBAREST00026|Lago Hotel & Resto|Lago Hotel & Resto|2.3456277|99.078423|4,5|537|Tidak ada informasi harga|Tidak ada keyword|Tidak ada layanan|https://www.google.com/maps/search/Lago+Hotel+&+Resto
TOBAREST00027|RUMAH MAKAN SORTA KHAS BATAK|RUMAH MAKAN SORTA KHAS BATAK|2.5240629|99.1132075|4,8|74|Tidak ada informasi harga|harga, luas, parkir, saksang, daerah, panggang, soup|Tidak ada layanan|https://www.google.com/maps/search/RUMAH+MAKAN+SORTA+KHAS+BATAK
TOBAREST00028|Chinese Food Gemar|Chinese Food Gemar|2.3343044|99.0677685|4,0|390|Tidak ada informasi harga|harga, halal, nasi goreng, kuah, mie pangsit, bakmie, capcay, enak, babi kecap, bubur ayam|Tidak ada layanan|https://www.google.com/maps/search/Chinese+Food+Gemar
TOBAREST00029|Ririn Kitchen Kaldera Toba|Ririn Kitchen Kaldera Toba|2.6055163|98.9467217|5,0|12|Tidak ada informasi harga|andaliman, nasi goreng|Tidak ada layanan|https://www.google.com/maps/search/Ririn+Kitchen+Kaldera+Toba
TOBAREST00030|Toba Corner Restaurant|Toba Corner Restaurant|2.3332267|99.0603032|4,3|24|Tidak ada informasi harga|Tidak ada keyword|Tidak ada layanan|https://www.google.com/maps/search/Toba+Corner+Restaurant
TOBAREST00031|Betesda Cafe Balige|Betesda Cafe Balige|2.346859|99.0446427|4,3|41|Tidak ada informasi harga|halal, pemandangan, ikan, sambal|Tidak ada layanan|https://www.google.com/maps/search/Betesda+Cafe+Balige
TOBAREST00032|Tatap Terrace Restaurant|Tatap Terrace Restaurant|2.6616603|98.9436583|4,9|17|Tidak ada informasi harga|hujan, hotel, sarapan, pilihan, danau, prasmanan|Tidak ada layanan|https://www.google.com/maps/search/Tatap+Terrace+Restaurant
TOBAREST00033|Damasus Nataboan Resto|Damasus Nataboan Resto|2.6919499|98.9198514|3,9|274|Tidak ada informasi harga|danau, pemandangan, ikan nila, pesan, tauco, sambal, dingin, perahu, cafe, duduk|Tidak ada layanan|https://www.google.com/maps/search/Damasus+Nataboan+Resto
TOBAREST00034|Rumah Makan Panca|Rumah Makan Panca|2.3330276|99.0658293|4,5|410|Tidak ada informasi harga|harga, parkir, babi, arsik, pelayanan, panggang, siang, lidah, sayur, saksang|Tidak ada layanan|https://www.google.com/maps/search/Rumah+Makan+Panca
TOBAREST00035|RM Singgalang|RM Singgalang|2.5794766|99.0543639|4,2|149|Tidak ada informasi harga|harga, luas, pelayanan, toilet, parkiran, kamar, masakan|Tidak ada layanan|https://www.google.com/maps/search/RM+Singgalang
TOBAREST00036|Toba Seafood Tumpah Millenial|Toba Seafood Tumpah Millenial|2.4395034|99.1576866|4,5|67|Tidak ada informasi harga|harga, kerang dara, pesan, warna, pelayanan|Tidak ada layanan|https://www.google.com/maps/search/Toba+Seafood+Tumpah+Millenial
TOBAREST00037|Cafe Galilea|Cafe Galilea|2.3433266|99.0470967|4,4|17|Tidak ada informasi harga|Tidak ada keyword|Tidak ada layanan|https://www.google.com/maps/search/Cafe+Galilea
TOBAREST00038|Hotdaina Cafe & Resto|Hotdaina Cafe & Resto|2.3509849|99.084927|4,6|5|Tidak ada informasi harga|Tidak ada keyword|Tidak ada layanan|https://www.google.com/maps/search/Hotdaina+Cafe+&+Resto
TOBAREST00039|RM / Lapo Kodian Toba Laguboti|RM / Lapo Kodian Toba Laguboti|2.3583461|99.1309265|4,9|62|Tidak ada informasi harga|pelayanan, cafe, luas, harga, liburan, ikan, juara, parkir|Tidak ada layanan|https://www.google.com/maps/search/RM+/+Lapo+Kodian+Toba+Laguboti
TOBAREST00040|RAHAYU STEAK|RAHAYU STEAK|2.3344122|99.0680346|4,6|45|Tidak ada informasi harga|harga, bakso, mie, jus jeruk, nasi goreng|Tidak ada layanan|https://www.google.com/maps/search/RAHAYU+STEAK
TOBAREST00041|Rumah Makan Pintu Batu|Rumah Makan Pintu Batu|2.3340241|99.0706719|4,5|110|Tidak ada informasi harga|panggang|Tidak ada layanan|https://www.google.com/maps/search/Rumah+Makan+Pintu+Batu
TOBAREST00042|The Deck Balige Restaurant & Lounge|The Deck Balige Restaurant & Lounge|2.3345707|99.0595579|3,5|31|Tidak ada informasi harga|pesan, dingin, pelayanan, nila, karaoke, sunset, nasi goreng, not, buah, standart|Tidak ada layanan|https://www.google.com/maps/search/The+Deck+Balige+Restaurant+&+Lounge
TOBAREST00043|LA PINUS DAMASUS BISTRO & RESTO|LA PINUS DAMASUS BISTRO & RESTO|2.6975139|98.9226362|4,1|245|Tidak ada informasi harga|ikan nila, pohon, sejuk, santai, lobster, indomie, halal, pemandangan, andaliman, nyaman|Tidak ada layanan|https://www.google.com/maps/search/LA+PINUS+DAMASUS+BISTRO+&+RESTO
TOBAREST00044|RM MARISA DONGANTA KHAS BATAK|RM MARISA DONGANTA KHAS BATAK|2.6036323|99.0102608|4,5|11|Tidak ada informasi harga|meja, pelayanan, harga|Tidak ada layanan|https://www.google.com/maps/search/RM+MARISA+DONGANTA+KHAS+BATAK
TOBAREST00045|Sang Diva Cafe & Resto|Sang Diva Cafe & Resto|2.3379302|99.0635821|3,9|39|Tidak ada informasi harga|Tidak ada keyword|Tidak ada layanan|https://www.google.com/maps/search/Sang+Diva+Cafe+&+Resto
TOBAREST00046|RM Singgalang sihiong|RM Singgalang sihiong|2.530505|99.1048246|4,5|22|Tidak ada informasi harga|Tidak ada keyword|Tidak ada layanan|https://www.google.com/maps/search/RM+Singgalang+sihiong
TOBAREST00047|RM. Khas Batak Monalisa|RM. Khas Batak Monalisa|2.3348375|99.0718594|4,2|101|Tidak ada informasi harga|harga, saksang, babi, standar, asin, luas, pelayanan|Tidak ada layanan|https://www.google.com/maps/search/RM.+Khas+Batak+Monalisa
TOBAREST00048|Tabo seafood Balige|Tabo seafood Balige|2.3380798|99.081486|4,6|10|Tidak ada informasi harga|Tidak ada keyword|Tidak ada layanan|https://www.google.com/maps/search/Tabo+seafood+Balige
TOBAREST00049|RM KHAS BATAK DAINANG|RM KHAS BATAK DAINANG|2.4618311|99.1707336|4,6|38|Tidak ada informasi harga|pemandangan|Tidak ada layanan|https://www.google.com/maps/search/RM+KHAS+BATAK+DAINANG
TOBAREST00050|Meat Toba Resto|Meat Toba Resto|2.3211024|98.9995821|5,0|5|Tidak ada informasi harga|Tidak ada keyword|Tidak ada layanan|https://www.google.com/maps/search/Meat+Toba+Resto
TOBAREST00051|Aek Natio Cafe & Resto|Aek Natio Cafe & Resto|2.5904434|99.0361218|4,4|14|Tidak ada informasi harga|dingin, pelayanan|Tidak ada layanan|https://www.google.com/maps/search/Aek+Natio+Cafe+&+Resto
TOBAREST00052|Jenny's Restaurant|Jenny's Restaurant|2.6770733|98.8544447|4,3|496|Tidak ada informasi harga|bbq, babi, lobster, salad, bajaj, ikan bakar, wisatawan, beer, pizza, asam manis|Tidak ada layanan|https://www.google.com/maps/search/Jenny's+Restaurant
TOBAREST00053|Nom Addict Kitchen & Cafe by Mogi|Nom Addict Kitchen & Cafe by Mogi|2.6083736|98.9466126|3,1|50|Tidak ada informasi harga|harga, kaldera, pemandangan, alasan, pesan, andaliman, 0, toilet, mi gomak, pisang goreng|Tidak ada layanan|https://www.google.com/maps/search/Nom+Addict+Kitchen+&+Cafe+by+Mogi
TOBAREST00054|Bulbul Resto|Bulbul Resto|2.3484565|99.0747375|4,3|16|Tidak ada informasi harga|Tidak ada keyword|Tidak ada layanan|https://www.google.com/maps/search/Bulbul+Resto
TOBAREST00055|Saulina Hotel dan Restaurant|Saulina Hotel dan Restaurant|2.5612431|99.3438191|4,0|1|Tidak ada informasi harga|Tidak ada keyword|Tidak ada layanan|https://www.google.com/maps/search/Saulina+Hotel+dan+Restaurant
TOBAREST00056|Smile Coffee & Cafe|Smile Coffee & Cafe|2.3330084|99.0582593|4,1|218|Tidak ada informasi harga|musik, gym, wifi, harga|Tidak ada layanan|https://www.google.com/maps/search/Smile+Coffee+&+Cafe
TOBAREST00057|Silintong Restaurant|Silintong Restaurant|2.65688|98.93918|4,0|2|Tidak ada informasi harga|Tidak ada keyword|Tidak ada layanan|https://www.google.com/maps/search/Silintong+Restaurant
TOBAREST00058|Tampubolon Lbn Atas|Tampubolon Lbn Atas|2.339122|99.0839171|4,3|40|Tidak ada informasi harga|Tidak ada keyword|Tidak ada layanan|https://www.google.com/maps/search/Tampubolon+Lbn+Atas
TOBAREST00059|Foodpedia Balige|Foodpedia Balige|2.3312672|99.0486233|4,2|63|Tidak ada informasi harga|lama|Tidak ada layanan|https://www.google.com/maps/search/Foodpedia+Balige
TOBAREST00060|ANDRIAN RUMAH MAKAN NASIONAL|ANDRIAN RUMAH MAKAN NASIONAL|2.6699247|98.8531994|4,5|156|Tidak ada informasi harga|harga, halal, gorengnya, parkir, mi goreng, capcay, masakan indonesia, seafood, udang goreng tepung, kangkung|Tidak ada layanan|https://www.google.com/maps/search/ANDRIAN+RUMAH+MAKAN+NASIONAL
TOBAREST00061|Toba Rose Hotel|Toba Rose Hotel|2.341737|99.0488411|4,2|211|Tidak ada informasi harga|harga, kamar, danau, pemandangan, keluarga, penginapan, santai, kipas, musik|Tidak ada layanan|https://www.google.com/maps/search/Toba+Rose+Hotel
TOBAREST00062|Santai Cafe|Santai Cafe|2.3375352|99.0530718|4,0|21|Tidak ada informasi harga|Tidak ada keyword|Tidak ada layanan|https://www.google.com/maps/search/Santai+Cafe
TOBAREST00063|Hidangan Muslim Rumah Makan CHARISSA|Hidangan Muslim Rumah Makan CHARISSA|2.600911|98.9528677|4,8|4|Tidak ada informasi harga|Tidak ada keyword|Tidak ada layanan|https://www.google.com/maps/search/Hidangan+Muslim+Rumah+Makan+CHARISSA
TOBAREST00064|"Rm Tona ""Masakan Khas Batak"""|"Rm Tona ""Masakan Khas Batak"""|2.4619021|99.1481247|4,7|32|Tidak ada informasi harga|pemandangan|Tidak ada layanan|"https://www.google.com/maps/search/Rm+Tona+""Masakan+Khas+Batak"""
TOBAREST00065|Tao Tio Coffee and Resto|Tao Tio Coffee and Resto|2.3296704|99.0523756|4,5|32|Tidak ada informasi harga|Tidak ada keyword|Tidak ada layanan|https://www.google.com/maps/search/Tao+Tio+Coffee+and+Resto
TOBAREST00066|Cabang cafe bungsu|Cabang cafe bungsu|2.5893579|99.4154545|5,0|1|Tidak ada informasi harga|Tidak ada keyword|Tidak ada layanan|https://www.google.com/maps/search/Cabang+cafe+bungsu
TOBAREST00067|Yolanda Restaurant|Yolanda Restaurant|2.6787019|98.8422546|4,9|57|Tidak ada informasi harga|danau, sarapan, tempe, harga, sambal, babi, kelapa, pemandangan, tahu, tuan tanah|Tidak ada layanan|https://www.google.com/maps/search/Yolanda+Restaurant
TOBAREST00068|Naga Restoran|Naga Restoran|2.3367381|99.053991|3,5|11|Tidak ada informasi harga|Tidak ada keyword|Tidak ada layanan|https://www.google.com/maps/search/Naga+Restoran
TOBAREST00069|Chinese Restaurant Tuktuk|Chinese Restaurant Tuktuk|2.6700546|98.8607087|4,3|144|Tidak ada informasi harga|harga, halal, parkir, wajib, cumi, luas|Tidak ada layanan|https://www.google.com/maps/search/Chinese+Restaurant+Tuktuk
TOBAREST00070|Cafè WakuWaku Toba|Cafè WakuWaku Toba|2.4463328|99.1550337|4,2|47|Tidak ada informasi harga|Tidak ada keyword|Tidak ada layanan|https://www.google.com/maps/search/Cafè+WakuWaku+Toba
TOBAREST00071|"Kedai Bakmi ""Bahagia"" / ""Sukaria"""|"Kedai Bakmi ""Bahagia"" / ""Sukaria"""|2.3345538|99.0663748|4,3|199|Tidak ada informasi harga|harga, masakan, mie goreng, nasi goreng, halal, standar, gorengnya, pansit, ibu|Tidak ada layanan|"https://www.google.com/maps/search/Kedai+Bakmi+""Bahagia""+/+""Sukaria"""
TOBAREST00072|RM. Siganupari Ajibata|RM. Siganupari Ajibata|2.6590532|98.9348038|4,4|97|Tidak ada informasi harga|harga, babi, pesan|Tidak ada layanan|https://www.google.com/maps/search/RM.+Siganupari+Ajibata
TOBAREST00073|KFC Balige|KFC Balige|2.3382258|99.0811418|4,0|216|Tidak ada informasi harga|luas, parkiran, pelayanan, pesan, pintu, lama, tempat duduk, strategis, nasi, x|Tidak ada layanan|https://www.google.com/maps/search/KFC+Balige
TOBAREST00074|Pondok Makan & Home Stay H. Karsim|Pondok Makan & Home Stay H. Karsim|2.6621096|98.9367381|4,9|41|Tidak ada informasi harga|sarapan, pelayanan, andaliman, hotel, halal, lontong sayur, sop buntut, harga, sambal|Tidak ada layanan|https://www.google.com/maps/search/Pondok+Makan+&+Home+Stay+H.+Karsim
TOBAREST00075|Rm.Mariboto|Rm.Mariboto|2.3404315|99.0864759|4,4|20|Tidak ada informasi harga|Tidak ada keyword|Tidak ada layanan|https://www.google.com/maps/search/Rm.Mariboto
TOBAREST00076|Sihar resto & coffee|Sihar resto & coffee|2.3335204|99.0608116|5,0|2|Tidak ada informasi harga|Tidak ada keyword|Tidak ada layanan|https://www.google.com/maps/search/Sihar+resto+&+coffee
TOBAREST00077|Larisma Cafe and Resto|Larisma Cafe and Resto|2.2989833|99.3672909|3,8|12|Tidak ada informasi harga|Tidak ada keyword|Tidak ada layanan|https://www.google.com/maps/search/Larisma+Cafe+and+Resto
TOBAREST00078|Bulbul Resto|Bulbul Resto|2.3356115|99.0662728|4,1|7|Tidak ada informasi harga|Tidak ada keyword|Tidak ada layanan|https://www.google.com/maps/search/Bulbul+Resto
TOBAREST00079|Skuy Living Cafe & Resto|Skuy Living Cafe & Resto|2.4505656|99.1530614|4,4|5|Tidak ada informasi harga|Tidak ada keyword|Tidak ada layanan|https://www.google.com/maps/search/Skuy+Living+Cafe+&+Resto
TOBAREST00080|Rumah Makan TONDONGTA|Rumah Makan TONDONGTA|2.3344866|99.0671116|4,7|19|Tidak ada informasi harga|Tidak ada keyword|Tidak ada layanan|https://www.google.com/maps/search/Rumah+Makan+TONDONGTA
TOBAREST00081|Rumah Makan Khas Batak Toba Utara|Rumah Makan Khas Batak Toba Utara|2.3338899|99.06271|4,6|12|Tidak ada informasi harga|Tidak ada keyword|Tidak ada layanan|https://www.google.com/maps/search/Rumah+Makan+Khas+Batak+Toba+Utara
TOBAREST00082|BAKSO BABI BASECAME BALIGE|BAKSO BABI BASECAME BALIGE|2.3347746|99.0652223|4,3|86|Tidak ada informasi harga|harga, lidah, kuah, halal, bakso babi, micin, batak, suara, kasir, sambal|Tidak ada layanan|https://www.google.com/maps/search/BAKSO+BABI+BASECAME+BALIGE
TOBAREST00083|PADELTA lapo|PADELTA lapo|2.3007076|99.016327|4,3|33|Tidak ada informasi harga|Tidak ada keyword|Tidak ada layanan|https://www.google.com/maps/search/PADELTA+lapo
TOBAREST00084|Rumah Makan Khas Batak TOBA SAMOSIR|Rumah Makan Khas Batak TOBA SAMOSIR|2.3344069|99.0652177|3,9|32|Tidak ada informasi harga|arsik|Tidak ada layanan|https://www.google.com/maps/search/Rumah+Makan+Khas+Batak+TOBA+SAMOSIR
TOBAREST00085|Warung Kembar (KHAS BATAK|Warung Kembar (KHAS BATAK|2.3285461|99.0438056|4,3|24|Tidak ada informasi harga|bumbu, pilihan|Tidak ada layanan|https://www.google.com/maps/search/Warung+Kembar+(KHAS+BATAK)
TOBAREST00086|Rumah Makan Sigiring Giring|Rumah Makan Sigiring Giring|2.3302973|99.0169663|4,4|49|Tidak ada informasi harga|Tidak ada keyword|Tidak ada layanan|https://www.google.com/maps/search/Rumah+Makan+Sigiring+Giring
TOBAREST00087|Balige Seafood|Balige Seafood|2.3363328|99.0738498|4,1|20|Tidak ada informasi harga|harga|Tidak ada layanan|https://www.google.com/maps/search/Balige+Seafood
TOBAREST00088|Quality Time Cafe|Quality Time Cafe|2.445189|99.15714|4,7|64|Tidak ada informasi harga|music, baristanya, ultah, senyum|Tidak ada layanan|https://www.google.com/maps/search/Quality+Time+Cafe
TOBAREST00089|Rumah Makan BOIMA 2 (Khas Batak|Rumah Makan BOIMA 2 (Khas Batak|2.3537868|99.1234123|4,2|36|Tidak ada informasi harga|pelayanan, parkir, luas, harga, teh manis, standar, babi, sambal|Tidak ada layanan|https://www.google.com/maps/search/Rumah+Makan+BOIMA+2+(Khas+Batak)
TOBAREST00090|Ataraxia Cafe|Ataraxia Cafe|2.3413786|99.0977945|3,8|25|Tidak ada informasi harga|pelayanan, musik|Tidak ada layanan|https://www.google.com/maps/search/Ataraxia+Cafe
TOBAREST00092|AQUINO CAFE|AQUINO CAFE|2.3462956|99.0451796|4,5|39|Tidak ada informasi harga|Tidak ada keyword|Tidak ada layanan|https://www.google.com/maps/search/AQUINO+CAFE
TOBAREST00093|Rotiart cafe resto|Rotiart cafe resto|2.4649303|99.1885209|4,2|Tidak ada ulasan|Tidak ada informasi harga|Tidak ada keyword|Tidak ada layanan|https://www.google.com/maps/search/Rotiart+cafe+resto
TOBAREST00094|Rumah Makan Martabe|Rumah Makan Martabe|2.351885|99.117094|4,2|178|Tidak ada informasi harga|babi, ikan, luas, parkir, pelayanan|Tidak ada layanan|https://www.google.com/maps/search/Rumah+Makan+Martabe
TOBAREST00095|RUMAH MAKAN BATAK SABAS|RUMAH MAKAN BATAK SABAS|2.4534548|99.1519607|4,5|17|Tidak ada informasi harga|Tidak ada keyword|Tidak ada layanan|https://www.google.com/maps/search/RUMAH+MAKAN+BATAK+SABAS
TOBAREST00096|Quality Fried Chicken|Quality Fried Chicken|2.3343643|99.068665|4,1|263|Tidak ada informasi harga|harga, pelayanan, pesan, halal, kentang, fast food, ekonomis|Tidak ada layanan|https://www.google.com/maps/search/Quality+Fried+Chicken
TOBAREST00097|Chinese Food & Mie Pangsit Ong|Chinese Food & Mie Pangsit Ong|2.4625349|99.1782758|4,4|14|Tidak ada informasi harga|Tidak ada keyword|Tidak ada layanan|https://www.google.com/maps/search/Chinese+Food+&+Mie+Pangsit+Ong
TOBAREST00098|Ziliwu Kitchen|Ziliwu Kitchen sitoluama|2.3975665|99.0984072|4,8|27|Rp 1-25.000 per orang|Tidak ada keyword|Makan di tempat, Bawa pulang|https://www.google.com/maps/search/Ziliwu+Kitchen+sitoluama
TOBAREST00099|Boruku|Boruku|2.32907|99.0542|4,7|6|Tidak ada informasi harga|Tidak ada keyword|Tidak ada layanan|https://www.google.com/maps/search/Boruku
TOBAREST00100|Agatha Space|Agatha Space|2.335316|99.0610199|4,3|86|Tidak ada informasi harga|harga, danau, sunset, hujan, ayam, tepung, nada, nasi, pesan, mood|Tidak ada layanan|https://www.google.com/maps/search/Agatha+Space
TOBAREST00101|RM Khas Batak REVA|RM Khas Batak REVA|2.3980465|99.1664773|5,0|1|Tidak ada informasi harga|Tidak ada keyword|Tidak ada layanan|https://www.google.com/maps/search/RM+Khas+Batak+REVA
TOBAREST00102|Rumah Makan Muslim Hafizah|Rumah Makan Muslim Hafizah|2.3649381|99.1378091|4,6|19|Tidak ada informasi harga|Tidak ada keyword|Tidak ada layanan|https://www.google.com/maps/search/Rumah+Makan+Muslim+Hafizah
TOBAREST00103|Kopi Partungkoan Balige|Kopi Partungkoan Balige|2.334365|99.0680073|4,5|253|Tidak ada informasi harga|jokowi, harga, pejabat, presiden, pinggir jalan, cemilan, pelayanan|Tidak ada layanan|https://www.google.com/maps/search/Kopi+Partungkoan+Balige
TOBAREST00104|RESTO & HOMESTAY LUMBAN BULBUL|RESTO & HOMESTAY LUMBAN BULBUL|2.3478306|99.0713254|4,0|3|Tidak ada informasi harga|Tidak ada keyword|Tidak ada layanan|https://www.google.com/maps/search/RESTO+&+HOMESTAY+LUMBAN+BULBUL
TOBAREST00105|rumah makan babi panggang karo arih ersada|rumah makan babi panggang karo arih ersada|2.3519232|99.1184335|4,4|18|Tidak ada informasi harga|Tidak ada keyword|Tidak ada layanan|https://www.google.com/maps/search/rumah+makan+babi+panggang+karo+arih+ersada
TOBAREST00107|Cafe terapung timothi|Cafe terapung timothi|2.3500392|99.0399322|4,0|3|Tidak ada informasi harga|Tidak ada keyword|Tidak ada layanan|https://www.google.com/maps/search/Cafe+terapung+timothi
TOBAREST00108|BPK|BPK 95P2+9M3, Sitoluama, Kec. Laguboti, Toba, Sumatera Utara|2.3858806|99.1516684|4,4|85|Tidak ada informasi harga|Tidak ada keyword|Tidak ada layanan|https://www.google.com/maps/search/BPK+95P2+9M3,+Sitoluama,+Kec.+Laguboti,+Toba,+Sumatera+Utara
TOBAREST00109|Amora Cafe|Amora Cafe Balige|2.3213606|99.0896447|3,8|18|Tidak ada informasi harga|Tidak ada keyword|Tidak ada layanan|https://www.google.com/maps/search/Amora+Cafe+Balige
TOBAREST00110|OS COFFEE cafe & resto|OS COFFEE cafe & resto laguboti|2.3551075|99.1263355|4,5|8|Tidak ada informasi harga|Tidak ada keyword|Tidak ada layanan|https://www.google.com/maps/search/OS+COFFEE+cafe+&+resto+laguboti
TOBAREST00111|Rumah Makan Khas Batak Lamhot|Rumah Makan Khas Batak Lamhot balige|2.3290697|99.0548047|4,4|71|Tidak ada informasi harga|pemandangan, harga|Tidak ada layanan|https://www.google.com/maps/search/Rumah+Makan+Khas+Batak+Lamhot+balige
TOBAREST00112|RM. GOMGOM KHAS BATAK|RM. GOMGOM KHAS BATAK|2.3330288|99.0551148|4,9|13|Tidak ada informasi harga|Tidak ada keyword|Tidak ada layanan|https://www.google.com/maps/search/RM.+GOMGOM+KHAS+BATAK
TOBAREST00113|Kedai Bakmi Bahagia 2|Kedai Bakmi Bahagia 2 balige|2.3337655|99.0625259|4,1|97|Tidak ada informasi harga|harga, pangsit, halal, pelayanan, nasi goreng, kuah, standar, dr|Tidak ada layanan|https://www.google.com/maps/search/Kedai+Bakmi+Bahagia+2+balige
TOBAREST00114|Rumah Makan Muslim Berkah|Rumah Makan Muslim Berkah Rumah Makan Muslim Berkah Jl. Sisingamangaraja No.81, Balige II, Kec. Balige, Toba, Sumatera Utara 22312|2.33411|99.0676249|4,2|72|Tidak ada informasi harga|halal, sambal, masakan padang, standar, lauk, harga|Tidak ada layanan|https://www.google.com/maps/search/Rumah+Makan+Muslim+Berkah+Rumah+Makan+Muslim+Berkah+Jl.+Sisingamangaraja+No.81,+Balige+II,+Kec.+Balige,+Toba,+Sumatera+Utara+22312
TOBAREST00115|Samuel's Restaurant|Samuel's Restaurant|2.6764567|98.8533366|4,8|92|Tidak ada informasi harga|ikan, arsik, batak, rendang daging sapi, pulau, tour guide, kuliner, bajaj, gitar, gado-gado|Tidak ada layanan|https://www.google.com/maps/search/Samuel's+Restaurant
TOBAREST00116|Parhitean|Parhitean Parhitean H87P+F2W, Hitetano, Kec. Habinsaran, Toba, Sumatera Utara 22383|2.5637288|99.3350838|4,3|81|Tidak ada informasi harga|arung jeram, air|Tidak ada layanan|https://www.google.com/maps/search/Parhitean+Parhitean+H87P+F2W,+Hitetano,+Kec.+Habinsaran,+Toba,+Sumatera+Utara+22383
TOBAREST00117|Restaurant DUGUL|Restaurant DUGUL|2.679295|98.8410765|4,6|12|Tidak ada informasi harga|danau, sunset, tangga, putra, keramahan, dinner, harga|Tidak ada layanan|https://www.google.com/maps/search/Restaurant+DUGUL
TOBAREST00118|Kedai Bakmi Laris|Kedai Bakmi Laris balige|2.3342102|99.0672432|4,4|151|Tidak ada informasi harga|bakpao, coklat, pangsit, kacang, pelayanan, pesan, halal, nasi, kuah, goreng|Tidak ada layanan|https://www.google.com/maps/search/Kedai+Bakmi+Laris+balige
TOBAREST00120|Lapo Parratusan|Lapo Parratusan sigumpar|2.4047786|99.1621569|4,8|4|Tidak ada informasi harga|Tidak ada keyword|Tidak ada layanan|https://www.google.com/maps/search/Lapo+Parratusan+sigumpar
