item_id:token,entity_id:token
TOBAWISA00001,res:Situmurun_Waterfall
TOBAWISA00002,res:Air_Terjun_Sampuran_Huta_Namora
TOBAWISA00003,res:Air_Terjun_Siboruon
TOBAWISA00004,res:Bukit_Senyum
TOBAWISA00005,res:Singgolom
TOBAWISA00006,res:Ponot_Waterfall
TOBAWISA00007,res:Batu_Basiha
TOBAWISA00008,res:Gereja_HKBP_DR.IL.Nommensen_Sigumpar
TOBAWISA00009,res:TB_Silalahi_Swimming_Pool
TOBAWISA00010,res:Labersa_Toba_Fantasi_Waterpark
TOBAWISA00011,res:Gua_Liang_Sipege
TOBAWISA00012,res:Makam_Missionaris_Pdt.DR.IL.Nommensen
TOBAWISA00013,res:Tomb_of_king_Sisingamangaraja_XII
TOBAWISA00014,res:Mual_Sirambe_Nauli
TOBAWISA00015,res:Museum_Batak_TB_Silalahi_Center
TOBAWISA00016,res:Lumban_Binanga_Beach_Laguboti
TOBAWISA00017,res:Pantai_Lumban_Silintong
TOBAWISA00018,res:Pantai_Pakodian
TOBAWISA00019,res:Pantai_Pasir_Putih_Parparean
TOBAWISA00020,res:Pantai_BUL_BUL
TOBAWISA00021,res:Puncak_Sibodiala
TOBAWISA00022,res:Siregar_Aek_Nalas
TOBAWISA00023,res:The_Kaldera
TOBAWISA00024,res:Puncak_Tara_Bunga
TOBAWISA00025,res:Taman_Doa_Gurgur_(YPKG)
TOBAWISA00026,res:Taman_Eden_100_Toba
TOBAWISA00027,res:Wisata_Bukit_Gibeon
TOBAWISA00028,res:Wisata_Rumah_Pohon_Jalan_Raya_TaraBunga
